youtubeURL,title
https://www.youtube.com/watch?v=rTq1non9z-0&list=PLB-U8ovdf61cc5pOgruKOPveYz1XmvKFj&index=6&t=37s&pp=gAQBiAQB,Star Wars 1
https://www.youtube.com/watch?v=7OStH63zz28&list=PLB-U8ovdf61cc5pOgruKOPveYz1XmvKFj&index=5&pp=gAQBiAQB,Star Wars 2
https://www.youtube.com/watch?v=7z_GQSBRy8w&list=PLB-U8ovdf61cc5pOgruKOPveYz1XmvKFj&index=4&t=2s&pp=gAQBiAQB,Star Wars 3
https://www.youtube.com/watch?v=MD3ezSJqxow&list=PLB-U8ovdf61cc5pOgruKOPveYz1XmvKFj&index=3&t=266s&pp=gAQBiAQB,Star Wars 4
https://www.youtube.com/watch?v=7EkCJFlFefA&list=PLB-U8ovdf61cc5pOgruKOPveYz1XmvKFj&index=2&pp=gAQBiAQB,Star Wars 5
https://www.youtube.com/watch?v=uk_3E44L5iU&list=PLB-U8ovdf61cc5pOgruKOPveYz1XmvKFj&index=1&pp=gAQBiAQB,Star Wars 6
https://www.youtube.com/watch?v=KUDL6lWweBg&list=PLB-U8ovdf61fPSMVW6zHjmQTuAE0wWmDy&index=5&t=38s&pp=gAQBiAQB,Fenyx 1
https://www.youtube.com/watch?v=DcUYgl4SiYE&list=PLB-U8ovdf61fPSMVW6zHjmQTuAE0wWmDy&index=4&pp=gAQBiAQB,Fenyx 2
https://www.youtube.com/watch?v=vHVGy6G_4fY&list=PLB-U8ovdf61fPSMVW6zHjmQTuAE0wWmDy&index=3&t=630s&pp=gAQBiAQB,Fenyx 3
https://www.youtube.com/watch?v=clmKKGWcX9U&list=PLB-U8ovdf61fPSMVW6zHjmQTuAE0wWmDy&index=2&t=1s&pp=gAQBiAQB,Fenyx 4
https://www.youtube.com/watch?v=ZmsarR1Dz24&list=PLB-U8ovdf61fPSMVW6zHjmQTuAE0wWmDy&index=1&t=619s&pp=gAQBiAQB,Fenyx 5